id,type,modern_name,wikidata_id,wikipedia_url,notes
iris_germanica,plant,Iris germanica,,,
iris_florentina,plant,Iris florentina,,,
acorus_calamus,plant,Acorus calamus,,,
iris,plant,Iris,,,
pseudacorus,plant,Pseudacorus,,,
iris_pseudacorus,plant,Iris pseudacorus,,,
athamantha_meum,plant,Athamantha meum,,,
athamanticum,plant,Athamanticum,,,
meum,plant,Meum,,,
meum_athamanticum,plant,Meum athamanticum,,,
cyperus_longus,plant,Cyperus longus,,,
cyperus_rotundus,plant,Cyperus rotundus,,,
curcuma_longa,plant,Curcuma longa,,,
cyperus_esculentus,plant,Cyperus esculentus,,,
alpinia_cardamomum,plant,Alpinia cardamomum,,,
elettaria_cardamomum,plant,Elettaria cardamomum,,,
elettaria,plant,Elettaria,,,
cardamomum,plant,Cardamomum,,,
patrinia_jatamansi,plant,Patrinia jatamansi,,,
valeriana_jatamansi,plant,Valeriana jatamansi,,,
patrinia_scabiosaefolia,plant,Patrinia scabiosaefolia,,,
jatamansi,plant,Jatamansi,,,
nardostachys,plant,Nardostachys,,,
patrinia_scabiosifolia,plant,Patrinia scabiosifolia,,,
valeriana_celtica,plant,Valeriana celtica,,,
nardus_tuberosa,plant,Nardus tuberosa,,,
valeriana_tuberosa,plant,Valeriana tuberosa,,,
asarum_europaeum,plant,Asarum europaeum,,,
valeriana_officinalis,plant,Valeriana officinalis,,,
valeriana_dioscorides,plant,Valeriana dioscorides,,,
dioscoridis_not_v,plant,Dioscoridis not V.,,,
valeriana_phu,plant,Valeriana phu,,,
laurus_cassia,plant,Laurus cassia,,,
cinnamomum_cassia,plant,Cinnamomum cassia,,,
pogostemon_patchouli,plant,Pogostemon patchouli,,,
cinnamomum,plant,Cinnamomum,,,
laurineae,plant,Laurineae,,,
cinnamomum_iners,plant,Cinnamomum iners,,,
cinnamomum_aromaticum,plant,Cinnamomum aromaticum,,,
amomum_verum,plant,Amomum verum,,,
cassia,plant,Cassia,,,
cinnamomum_zeylanicum_bl,plant,Cinnamomum zeylanicum Bl.,,,
cinnamomum_tamala,plant,Cinnamomum tamala,,,
cissus_vitiginea,plant,Cissus vitiginea,,,
amomum_subulatum,plant,Amomum subulatum,,,
amomum_cardamomum,plant,Amomum cardamomum,,,
costus_speciosus,plant,Costus speciosus,,,
costus_arabicus,plant,Costus arabicus,,,
saussurea,plant,Saussurea,,,
lappa,plant,Lappa,,,
saussurea_lappa,plant,Saussurea lappa,,,
andropogon_schoenanthus,plant,Andropogon schoenanthus,,,
schoenanthus,plant,Schoenanthus,,,
cymbopogon,plant,Cymbopogon,,,
cymbopogon_schoenanthus,plant,Cymbopogon schoenanthus,,,
calamus_aromaticus,plant,Calamus aromaticus,,,
amyris_gileadensis,plant,Amyris gileadensis,,,
balsamodendron_gileadense,plant,Balsamodendron gileadense,,,
opobalsamum,plant,Opobalsamum,,,
balsamodendron,plant,Balsamodendron,,,
commiphora_opobalsamum,plant,Commiphora opobalsamum,,,
aspalathos,plant,Aspalathos,,,
genista_acanthoclada,plant,Genista acanthoclada,,,
cytisus_lanigerus,plant,Cytisus lanigerus,,,
alhagi_maurorum,plant,Alhagi maurorum,,,
usnea_sp,plant,Usnea sp,,,
evernia,plant,Evernia,,,
agallochon,plant,Agallochon,,,
aloexylon,plant,Aloexylon,,,
aquilaria_agallocha,plant,Aquilaria agallocha,,,
ficus_spec,plant,Ficus spec,,,
butea_frondosa,plant,Butea frondosa,,,
aleurites_laccifera,plant,Aleurites laccifera,,,
amyris,plant,Amyris,,,
commiphora_kataf,plant,Commiphora kataf,,,
crocus_sativus,plant,Crocus sativus,,,
inula_helenium,plant,Inula helenium,,,
helenium,plant,Helenium,,,
inula,plant,Inula,,,
calamintha_incana,plant,Calamintha incana,,,
olea_europaea,plant,Olea europaea,,,
ricinus_communis,plant,Ricinus communis,,,
amygdalus_communis,plant,Amygdalus communis,,,
prunus_dulcis,plant,Prunus dulcis,,,
moringa_oleifera,plant,Moringa oleifera,,,
juglans_regia,plant,Juglans regia,,,
sesamum_orientale,plant,Sesamum orientale,,,
hyoscyamus_albus,plant,Hyoscyamus albus,,,
hyosciamus,plant,Hyosciamus,,,
daphne,plant,Daphne,,,
thymelaeaceae,plant,Thymelaeaceae,,,
gnidium,plant,Gnidium,,,
daphne_gnidium,plant,Daphne gnidium,,,
carthamus_tinctorius,plant,Carthamus tinctorius,,,
nigella_sativa,plant,Nigella sativa,,,
raphanus_sativus,plant,Raphanus sativus,,,
brassica_nigra,plant,Brassica nigra,,,
sinapis_alba,plant,Sinapis alba,,,
myrtus_communis,plant,Myrtus communis,,,
laurus_nobilis,plant,Laurus nobilis,,,
pistacia_lentiscus,plant,Pistacia lentiscus,,,
rosa_gallica,plant,Rosa gallica,,,
pinaceae,plant,Pinaceae,,,
pinus,plant,Pinus,,,
picea,plant,Picea,,,
cyndonia_vulgaris,plant,Cyndonia vulgaris,,,
cydonia_oblonga,plant,Cydonia oblonga,,,
malus_domestica,plant,Malus domestica,,,
vitis_vinifera,plant,Vitis vinifera,,,
vitis_sylvestris,plant,Vitis sylvestris,,,
trigonella_foenum,plant,Trigonella foenum,,,
origanum_majorana,plant,Origanum majorana,,,
ocimum_baslilicum,plant,Ocimum baslilicum,,,
ocimum_basilicum,plant,Ocimum basilicum,,,
artemisia_abrotanum,plant,Artemisia abrotanum,,,
santolina_chamaecyparissus,plant,Santolina chamaecyparissus,,,
anethum_graveolens,plant,Anethum graveolens,,,
lilium_candidum,plant,Lilium candidum,,,
narcissus_poeticus,plant,Narcissus poeticus,,,
narcissus_tazetta,plant,Narcissus tazetta,,,
lawsonia_alba,plant,Lawsonia alba,,,
lawsonia_inermis,plant,Lawsonia inermis,,,
ferula_marmarica,plant,Ferula marmarica,,,
commiphora_myrrha,plant,Commiphora myrrha,,,
lauraceae,plant,Lauraceae,,,
jasminum_officinale,plant,Jasminum officinale,,,
balsamea_myrrha,plant,Balsamea myrrha,,,
hafal,plant,Hafal,,,
smyrnium,plant,Smyrnium,,,
olusatrum,plant,Olusatrum,,,
styrax_officinalis,plant,Styrax officinalis,,,
commophora_africana,plant,Commophora africana,,,
hyphaene_thebaica,plant,Hyphaene thebaica,,,
commiphora_mukul,plant,Commiphora mukul,,,
boswellia_sacra,plant,Boswellia sacra,,,
boswellia_thurifera,plant,Boswellia thurifera,,,
gum_of_boswellia,plant,Gum of Boswellia,,,
boswellia_carterii,plant,Boswellia carterii,,,
pinus_pinea,plant,Pinus pinea,,,
pinus_maritima,plant,Pinus maritima,,,
pinus_halepensis,plant,Pinus halepensis,,,
pinus_laricio,plant,Pinus laricio,,,
lentiscus,plant,Lentiscus,,,
pistacia,plant,Pistacia,,,
pistacia_terebinthus,plant,Pistacia terebinthus,,,
terebinthus,plant,Terebinthus,,,
pinus_pinaster,plant,Pinus pinaster,,,
cupressus_sempervirens,plant,Cupressus sempervirens,,,
cypressus_sempervirens,plant,Cypressus sempervirens,,,
cupressus_sumpervirens,plant,Cupressus sumpervirens,,,
juniperus_phoenicea,plant,Juniperus phoenicea,,,
juniperus_communis,plant,Juniperus communis,,,
juniperus_oxycedrus,plant,Juniperus oxycedrus,,,
juniperus_sabina,plant,Juniperus sabina,,,
juniperus_excelsa,plant,Juniperus excelsa,,,
plantanus_orientalis,plant,Plantanus orientalis,,,
platanus_orientalis,plant,Platanus orientalis,,,
ornus,plant,Ornus,,,
oleaceae,plant,Oleaceae,,,
fraxinus,plant,Fraxinus,,,
fraxinus_ornus,plant,Fraxinus ornus,,,
fraxinus_excelsior,plant,Fraxinus excelsior,,,
populus_alba,plant,Populus alba,,,
populus_nigra,plant,Populus nigra,,,
ulmus_campestris,plant,Ulmus campestris,,,
holarrhena_antidysenterica,plant,Holarrhena antidysenterica,,,
ulmus,plant,Ulmus,,,
saccharum_cylindricum,plant,Saccharum cylindricum,,,
canna_indica,plant,Canna indica,,,
saccharum_ravennae,plant,Saccharum ravennae,,,
arundo_dorax,plant,Arundo dorax,,,
arundo_phragmites,plant,Arundo phragmites,,,
arundo_fistularis,plant,Arundo fistularis,,,
cenchrus_frutescens,plant,Cenchrus frutescens,,,
phragmites_communis,plant,Phragmites communis,,,
arundo_donax,plant,Arundo donax,,,
cyperus_papyrus,plant,Cyperus papyrus,,,
papyrus_antiquorum,plant,Papyrus antiquorum,,,
tamarix_africana,plant,Tamarix africana,,,
myrrhis_odorata,plant,Myrrhis odorata,,,
tamarix_tetrandra,plant,Tamarix tetrandra,,,
erica_arborea,plant,Erica arborea,,,
erica_herbacea,plant,Erica herbacea,,,
tamarix_orientalis,plant,Tamarix orientalis,,,
tamarix_articulata,plant,Tamarix articulata,,,
rhamnus_paliurus,plant,Rhamnus paliurus,,,
rhamnus_saxatilis,plant,Rhamnus saxatilis,,,
rhamnus_oleides,plant,Rhamnus oleides,,,
paliurus_aculeatus,plant,Paliurus aculeatus,,,
paliurus_australis,plant,Paliurus australis,,,
atriplex_halimus,plant,Atriplex halimus,,,
atriplex_hortensis,plant,Atriplex hortensis,,,
zizyphus_vulgaris,plant,Zizyphus vulgaris,,,
rhamnus_catharticus,plant,Rhamnus catharticus,,,
crataegus_pyracantha,plant,Crataegus pyracantha,,,
crataegus,plant,Crataegus,,,
pyracantha,plant,Pyracantha,,,
cotoneaster_pyracantha,plant,Cotoneaster pyracantha,,,
rosa_canina,plant,Rosa canina,,,
rosa_sempervirens,plant,Rosa sempervirens,,,
phillyrea_latifolia,plant,Phillyrea latifolia,,,
phillyrea,plant,Phillyrea,,,
cistus_villosus,plant,Cistus villosus,,,
cistus_salviaefolius,plant,Cistus salviaefolius,,,
cytineae,plant,Cytineae,,,
cytinus,plant,Cytinus,,,
hypocistis,plant,Hypocistis,,,
cynomorium_coccineum,plant,Cynomorium coccineum,,,
cytinus_hypocistis,plant,Cytinus hypocistis,,,
cistus_creticus,plant,Cistus creticus,,,
ebenum,plant,Ebenum,,,
diospyros,plant,Diospyros,,,
ebenaceae,plant,Ebenaceae,,,
ebenoxylon_verum,plant,Ebenoxylon verum,,,
diospyrus_melanoxylon,plant,Diospyrus melanoxylon,,,
diospyros_ebenum,plant,Diospyros ebenum,,,
rhamnus_infectoria,plant,Rhamnus infectoria,,,
rhammus_infectorius,plant,Rhammus infectorius,,,
rhamnus_lycioides,plant,Rhamnus lycioides,,,
acacia_catechu,plant,Acacia catechu,,,
acacia_farnesia,plant,Acacia farnesia,,,
acacia_vera,plant,Acacia vera,,,
spartium_spinosum,plant,Spartium spinosum,,,
vitex_agnus,plant,Vitex agnus,,,
amurca,plant,Amurca,,,
cynodon_dactylon_pers,plant,Cynodon dactylon Pers.,,,
salix_sp,plant,Salix sp,,,
salix_purpurea,plant,Salix purpurea,,,
oleaster,plant,Oleaster,,,
olea,plant,Olea,,,
europaea,plant,Europaea,,,
elaeagnus_spinosa,plant,Elaeagnus spinosa,,,
quercus_robur,plant,Quercus robur,,,
quercus,plant,Quercus,,,
aegilops,plant,Aegilops,,,
quercus_esculus,plant,Quercus esculus,,,
quercus_ilex,plant,Quercus ilex,,,
quercus_coccifera,plant,Quercus coccifera,,,
fagus,plant,Fagus,,,
castanea,plant,Castanea,,,
fagaceae,plant,Fagaceae,,,
castanea_vesca,plant,Castanea vesca,,,
castanea_sativa,plant,Castanea sativa,,,
quercus_aegilops,plant,Quercus aegilops,,,
quercus_infectoria,plant,Quercus infectoria,,,
rhus_coriaria,plant,Rhus coriaria,,,
coriaria,plant,Coriaria,,,
rhus,plant,Rhus,,,
phoenix_dactylifera,plant,Phoenix dactylifera,,,
corypha_thebaica,plant,Corypha thebaica,,,
hyphaene_coriacea,plant,Hyphaene coriacea,,,
punica_granatum,plant,Punica granatum,,,
prunus_cerasus,plant,Prunus cerasus,,,
prunus_avium,plant,Prunus avium,,,
cerasus,plant,Cerasus,,,
prunus,plant,Prunus,,,
ceratonia_siliqua,plant,Ceratonia siliqua,,,
siliqua,plant,Siliqua,,,
ceratonia,plant,Ceratonia,,,
malus,plant,Malus,,,
pirus,plant,Pirus,,,
rosaceae,plant,Rosaceae,,,
pyrus,plant,Pyrus,,,
pirus_cydonia,plant,Pirus cydonia,,,
cydonia_vulgaris,plant,Cydonia vulgaris,,,
sommer,plant,Sommer,,,
pyrus_malus,plant,Pyrus malus,,,
apples_of_epirus,plant,Apples of Epirus,,,
malus_sylvestris,plant,Malus sylvestris,,,
prunus_persica,plant,Prunus persica,,,
citrus_medica,plant,Citrus medica,,,
prunus_aemeniaca,plant,Prunus aemeniaca,,,
prunus_armeniaca,plant,Prunus armeniaca,,,
arbutus_andrachne,plant,Arbutus andrachne,,,
prunus_communis,plant,Prunus communis,,,
pyrus_communis,plant,Pyrus communis,,,
pyrus_amygdaliformis,plant,Pyrus amygdaliformis,,,
crataegus_tanacetifolia,plant,Crataegus tanacetifolia,,,
crataegus_tanacetifolius,plant,Crataegus tanacetifolius,,,
mespilus_germanica,plant,Mespilus germanica,,,
germanica,plant,Germanica,,,
mespilus,plant,Mespilus,,,
celtis_australis,plant,Celtis australis,,,
cornus_mascula,plant,Cornus mascula,,,
sorbus_domestica,plant,Sorbus domestica,,,
prunus_spinosa,plant,Prunus spinosa,,,
prunus_domestica,plant,Prunus domestica,,,
prunus_insititia,plant,Prunus insititia,,,
arbutus_unedo,plant,Arbutus unedo,,,
arbutus,plant,Arbutus,,,
andrachne,plant,Andrachne,,,
pistacia_vera,plant,Pistacia vera,,,
corylus_avellana,plant,Corylus avellana,,,
corylus,plant,Corylus,,,
avellana,plant,Avellana,,,
morus_nigra,plant,Morus nigra,,,
ficus_sysomorus,plant,Ficus sysomorus,,,
sycomorus_var,plant,Sycomorus var,,,
ficus_sycomorus,plant,Ficus sycomorus,,,
ficus_carica,plant,Ficus carica,,,
ficus,plant,Ficus,,,
carica,plant,Carica,,,
cordia_myxa,plant,Cordia myxa,,,
schimperi,plant,Schimperi,,,
mimusops,plant,Mimusops,,,
mimusops_schimperi_hochst,plant,Mimusops schimperi Hochst.,,,
echinus_esculentus,plant,Echinus esculentus,,,
strongylocentrotus,plant,Strongylocentrotus,,,
echinus,plant,Echinus,,,
erinaceus_europaeus,plant,Erinaceus europaeus,,,
hystrix_cristata,plant,Hystrix cristata,,,
hippocampus_antiquorum,plant,Hippocampus antiquorum,,,
syngnathus,plant,Syngnathus,,,
hippocampus,plant,Hippocampus,,,
hippocampus_guttulatus,plant,Hippocampus guttulatus,,,
purpura_patula,plant,Purpura patula,,,
murex_brandaris,plant,Murex brandaris,,,
murex_trunculus,plant,Murex trunculus,,,
tritonium_nodiferum,plant,Tritonium nodiferum,,,
buccinum_sp,plant,Buccinum sp,,,
buccinum_undatum,plant,Buccinum undatum,,,
mytilus_edulis,plant,Mytilus edulis,,,
tellina_planata,plant,Tellina planata,,,
tellina_baltica,plant,Tellina baltica,,,
tellina,plant,Tellina,,,
chama_gryphoides,plant,Chama gryphoides,,,
chama_lazarus,plant,Chama lazarus,,,
murex_inflatus,plant,Murex inflatus,,,
operculum_of_strombus,plant,Operculum of Strombus,,,
bolinus_brandaris,plant,Bolinus brandaris,,,
helix_pomatias,plant,Helix pomatias,,,
helix_pomatia,plant,Helix pomatia,,,
helix,plant,Helix,,,
astacus_fluviatilis,plant,Astacus fluviatilis,,,
thelphusa_sp,plant,Thelphusa sp,,,
austropotamobius,plant,Austropotamobius,,,
astacus,plant,Astacus,,,
buthus_occitanaus,plant,Buthus occitanaus,,,
euscorpius,plant,Euscorpius,,,
buthus,plant,Buthus,,,
cottus_scorpius,plant,Cottus scorpius,,,
scorpaena,plant,Scorpaena,,,
scrofa,plant,Scrofa,,,
scorpaena_scrofa,plant,Scorpaena scrofa,,,
trachinus_draco,plant,Trachinus draco,,,
trachinus,plant,Trachinus,,,
aphrodite_aculeata,plant,Aphrodite aculeata,,,
nereis_or,plant,Nereis or,,,
aphrodita,plant,Aphrodita,,,
nereis,plant,Nereis,,,
torpedo_narce,plant,Torpedo narce,,,
torpedo,plant,Torpedo,,,
raja,plant,Raja,,,
torpedo_marmorata,plant,Torpedo marmorata,,,
avipera_ammodytes,plant,Avipera ammodytes,,,
vipera_aspis,plant,Vipera aspis,,,
pelias_berus,plant,Pelias berus,,,
coluber_aegyptius,plant,Coluber aegyptius,,,
vipera,plant,Vipera,,,
aesculapii,plant,Aesculapii,,,
coluber,plant,Coluber,,,
aplysia_depilans,plant,Aplysia depilans,,,
aplysia_leporina,plant,Aplysia leporina,,,
lepus_timidus,plant,Lepus timidus,,,
trygon_pastinaca,plant,Trygon pastinaca,,,
pastinaca,plant,Pastinaca,,,
dasyatis_pastinaca,plant,Dasyatis pastinaca,,,
sepia_officinalis,plant,Sepia officinalis,,,
mullus_barbatus,plant,Mullus barbatus,,,
mullus_piscis,plant,Mullus piscis,,,
hippopotamus_amphibius,plant,Hippopotamus amphibius,,,
castor_fiber,plant,Castor fiber,,,
putorius_vulgaris,plant,Putorius vulgaris,,,
mustela,plant,Mustela,,,
putorii,plant,Putorii,,,
mustela_nivalis,plant,Mustela nivalis,,,
rana_fusca,plant,Rana fusca,,,
rana_esculenta,plant,Rana esculenta,,,
rana,plant,Rana,,,
silurus_glanis,plant,Silurus glanis,,,
smaris_vulgaris,plant,Smaris vulgaris,,,
spicara_smaris,plant,Spicara smaris,,,
sparus_smaris,plant,Sparus smaris,,,
sparus,plant,Sparus,,,
maena,plant,Maena,,,
maena_vulgaris,plant,Maena vulgaris,,,
cottus_gobio,plant,Cottus gobio,,,
gobius_niger,plant,Gobius niger,,,
gobio_gobio,plant,Gobio gobio,,,
thynnus_thynnus,plant,Thynnus thynnus,,,
thunnus_thynnus,plant,Thunnus thynnus,,,
cimex_lectularia,plant,Cimex lectularia,,,
cimex_lectularius,plant,Cimex lectularius,,,
porcellio_scaber,plant,Porcellio scaber,,,
blatta_orientalis,plant,Blatta orientalis,,,
periplaneta_orientalis,plant,Periplaneta orientalis,,,
blatta_germanica,plant,Blatta germanica,,,
cnidaria_sp,plant,Cnidaria sp,,,
sus_scrofa,plant,Sus scrofa,,,
lungs_of_swine,plant,Lungs of Swine,,,
lamb_or_bear,plant,Lamb or Bear,,,
canis_vulpes,plant,Canis vulpes,,,
vulpes_vulpes,plant,Vulpes vulpes,,,
equus_asinus,plant,Equus asinus,,,
testes_of_deer,plant,Testes of Deer,,,
cervus_elaphus,plant,Cervus elaphus,,,
equus_caballus,plant,Equus caballus,,,
capra_hircus,plant,Capra hircus,,,
canis_familiaris,plant,Canis familiaris,,,
podiceps_cristatus,plant,Podiceps cristatus,,,
gallus_domesticus,plant,Gallus domesticus,,,
gallus_gallus,plant,Gallus gallus,,,
eggs_and,plant,Eggs and,,,
white_of_egg,plant,White of Egg,,,
cicada_plebeja,plant,Cicada plebeja,,,
cicada,plant,Cicada,,,
plebeia,plant,Plebeia,,,
orni,plant,Orni,,,
locusta_viridissima,plant,Locusta viridissima,,,
decticus_verrucivorus,plant,Decticus verrucivorus,,,
haliaetus_albicilla,plant,Haliaetus albicilla,,,
falco_ossifragus,plant,Falco ossifragus,,,
falco,plant,Falco,,,
ossifragus,plant,Ossifragus,,,
galerita_cristata,plant,Galerita cristata,,,
alauda_cristata,plant,Alauda cristata,,,
alauda_arvensis,plant,Alauda arvensis,,,
chelidon_urbica,plant,Chelidon urbica,,,
hirundo_rustica,plant,Hirundo rustica,,,
elephans_africanus,plant,Elephans africanus,,,
elephans_asiaticus,plant,Elephans asiaticus,,,
elephas_maximus,plant,Elephas maximus,,,
loxodonta_africana,plant,Loxodonta africana,,,
lepidoptera,plant,Lepidoptera,,,
hymenoptera,plant,Hymenoptera,,,
lytta_vesicatoria,plant,Lytta vesicatoria,,,
dioscoridis,plant,Dioscoridis,,,
mylabris,plant,Mylabris,,,
proscarabaeus,plant,Proscarabaeus,,,
cantharis_vessicatoria,plant,Cantharis vessicatoria,,,
brupestis_rustica,plant,Brupestis rustica,,,
carabus,plant,Carabus,,,
salamandra_maculosa,plant,Salamandra maculosa,,,
salamandra_terrestris,plant,Salamandra terrestris,,,
salamandra_vulgaris,plant,Salamandra vulgaris,,,
attalus_pubescens,plant,Attalus pubescens,,,
lycos_amentata,plant,Lycos amentata,,,
aranea_retiaria,plant,Aranea retiaria,,,
aranea_domestica,plant,Aranea domestica,,,
lycosa,plant,Lycosa,,,
epeira,plant,Epeira,,,
lacerta_agilis,plant,Lacerta agilis,,,
lacerta,plant,Lacerta,,,
seps_chalcides,plant,Seps chalcides,,,
zygnis_tridactyla,plant,Zygnis tridactyla,,,
chalcides,plant,Chalcides,,,
scincus_officinalis,plant,Scincus officinalis,,,
scincidae,plant,Scincidae,,,
lumbricus_terrestris,plant,Lumbricus terrestris,,,
lumbricus,plant,Lumbricus,,,
sorex_vulgaris,plant,Sorex vulgaris,,,
crocidura_aranea,plant,Crocidura aranea,,,
sorex_araneus,plant,Sorex araneus,,,
mus_musculus,plant,Mus musculus,,,
adeps_lanae,plant,Adeps lanae,,,
blood,plant,Blood,,,
apis_melfica,plant,Apis melfica,,,
sardinian,plant,Sardinian,,,
honey,plant,Honey,,,
heraclean,plant,Heraclean,,,
saccarum_officinarum,plant,Saccarum officinarum,,,
triticum_vulgare,plant,Triticum vulgare,,,
triticum_aestivum,plant,Triticum aestivum,,,
triticum_hibernum,plant,Triticum hibernum,,,
hordeum_vulgare,plant,Hordeum vulgare,,,
hordeum_hexastichon,plant,Hordeum hexastichon,,,
hordeum_distichon,plant,Hordeum distichon,,,
hordeum_sativum,plant,Hordeum sativum,,,
triticum_spelta,plant,Triticum spelta,,,
triticum_dicoccum,plant,Triticum dicoccum,,,
triticum_monococcum,plant,Triticum monococcum,,,
secale_cereale,plant,Secale cereale,,,
triticum_zea,plant,Triticum zea,,,
tritici_dicocci,plant,Tritici dicocci,,,
sorghum_bicolor,plant,Sorghum bicolor,,,
ephedra_distachya,plant,Ephedra distachya,,,
avena_sativa,plant,Avena sativa,,,
oryza_sativa,plant,Oryza sativa,,,
hordeum,plant,Hordeum,,,
panicum_miliaceum,plant,Panicum miliaceum,,,
panicum_italicum,plant,Panicum italicum,,,
holcus_cernuus,plant,Holcus cernuus,,,
italicum,plant,Italicum,,,
setaria,plant,Setaria,,,
setaria_italica,plant,Setaria italica,,,
sesamum_indicum,plant,Sesamum indicum,,,
lolium_temulentum,plant,Lolium temulentum,,,
trigonella,plant,Trigonella,,,
foenum,plant,Foenum,,,
linum_usitatissimum,plant,Linum usitatissimum,,,
cicer_arietinum,plant,Cicer arietinum,,,
pisum_sativum,plant,Pisum sativum,,,
vicia_faba,plant,Vicia faba,,,
vicia,plant,Vicia,,,
faba,plant,Faba,,,
nymphaeae_nelumbo,plant,Nymphaeae nelumbo,,,
nelumbo_speciosum,plant,Nelumbo speciosum,,,
ervum_lens,plant,Ervum lens,,,
lens_culinaris,plant,Lens culinaris,,,
phaseolus_nanus,plant,Phaseolus nanus,,,
vigna_sinensis,plant,Vigna sinensis,,,
vicia_ervilia,plant,Vicia ervilia,,,
ervillia,plant,Ervillia,,,
ervum,plant,Ervum,,,
lupinus_hirsutus,plant,Lupinus hirsutus,,,
lupinus_pilosus,plant,Lupinus pilosus,,,
lupinus_albus,plant,Lupinus albus,,,
lupinus_angustifolius,plant,Lupinus angustifolius,,,
brassica_rapa,plant,Brassica rapa,,,
rapa,plant,Rapa,,,
brassica,plant,Brassica,,,
bunias_erucago,plant,Bunias erucago,,,
condylocarpus_laevigata,plant,Condylocarpus laevigata,,,
brassica_napus,plant,Brassica napus,,,
brassica_campestris,plant,Brassica campestris,,,
erucago_or_brassica,plant,Erucago or Brassica,,,
raphanus_radicula,plant,Raphanus radicula,,,
raphanus_radiola,plant,Raphanus radiola,,,
raphanistrum,plant,Raphanistrum,,,
raphanus,plant,Raphanus,,,
raphanus_raphanistrum,plant,Raphanus raphanistrum,,,
pastinaca_sativa,plant,Pastinaca sativa,,,
rumex,plant,Rumex,,,
polygonaceae,plant,Polygonaceae,,,
rumex_patientia,plant,Rumex patientia,,,
rumex_conglomeratus,plant,Rumex conglomeratus,,,
rumex_aquaticus,plant,Rumex aquaticus,,,
sinapis_incana,plant,Sinapis incana,,,
sinapis_arvensis,plant,Sinapis arvensis,,,
hirschfeldia_incana,plant,Hirschfeldia incana,,,
amarantha_blitum,plant,Amarantha blitum,,,
blitum,plant,Blitum,,,
amaranthus,plant,Amaranthus,,,
amaranthus_lividus,plant,Amaranthus lividus,,,
amaranthus_blitum,plant,Amaranthus blitum,,,
malva_vulgaris,plant,Malva vulgaris,,,
malva_silvestris,plant,Malva silvestris,,,
malva_sylvestris,plant,Malva sylvestris,,,
alcea_rosea,plant,Alcea rosea,,,
artiplex_hortensis,plant,Artiplex hortensis,,,
atriplex_rosea,plant,Atriplex rosea,,,
brassica_oleracea,plant,Brassica oleracea,,,
brassica_cretica_lamb,plant,Brassica cretica Lamb.,,,
brassica_cretica,plant,Brassica cretica,,,
convolvulvus_soldanella,plant,Convolvulvus soldanella,,,
crithmum_maritimum,plant,Crithmum maritimum,,,
convolvulus_soldanella,plant,Convolvulus soldanella,,,
beta_vulgaris,plant,Beta vulgaris,,,
beta_cicla,plant,Beta cicla,,,
portulaca_oleracea,plant,Portulaca oleracea,,,
asparagus_officinalis,plant,Asparagus officinalis,,,
asparagus_acutifolius,plant,Asparagus acutifolius,,,
plantago_lagopus,plant,Plantago lagopus,,,
plantago_asiatica,plant,Plantago asiatica,,,
plantago_major,plant,Plantago major,,,
sium_latifolium,plant,Sium latifolium,,,
sium_angustifolium,plant,Sium angustifolium,,,
mentha_aquatica,plant,Mentha aquatica,,,
mentha_silvestris,plant,Mentha silvestris,,,
mentha_sylvestris,plant,Mentha sylvestris,,,
nasturtium_officinale,plant,Nasturtium officinale,,,
sisymbrium_nasturtium,plant,Sisymbrium nasturtium,,,
lotus_ornithopodioides,plant,Lotus ornithopodioides,,,
plantago_coronopus,plant,Plantago coronopus,,,
sonchus_arvensis,plant,Sonchus arvensis,,,
sonchus_oleraceus,plant,Sonchus oleraceus,,,
sonchus_asper,plant,Sonchus asper,,,
cichorium_endivia,plant,Cichorium endivia,,,
cichorium_intybus,plant,Cichorium intybus,,,
chicorium,plant,Chicorium,,,
endivia,plant,Endivia,,,
chondrilla_juncea,plant,Chondrilla juncea,,,
chondrilla_ramosissima,plant,Chondrilla ramosissima,,,
thrinsia_tuberosa,plant,Thrinsia tuberosa,,,
cucurbita_pepo,plant,Cucurbita pepo,,,
cucumis_sativus,plant,Cucumis sativus,,,
lagenaria_siceraria,plant,Lagenaria siceraria,,,
cucumis,plant,Cucumis,,,
melo,plant,Melo,,,
cucumis_melo,plant,Cucumis melo,,,
pepo,plant,Pepo,,,
cucurbita,plant,Cucurbita,,,
lactuca_sativa,plant,Lactuca sativa,,,
lactuca_scariola,plant,Lactuca scariola,,,
scariola,plant,Scariola,,,
lactuca,plant,Lactuca,,,
lactuca_serriola,plant,Lactuca serriola,,,
daucus_gingidium,plant,Daucus gingidium,,,
scandix_pecten,plant,Scandix pecten,,,
veneris,plant,Veneris,,,
pecten,plant,Pecten,,,
scandix,plant,Scandix,,,
pimpinella_saxifraga,plant,Pimpinella saxifraga,,,
eruca_sativa,plant,Eruca sativa,,,
eruca_vesicaria,plant,Eruca vesicaria,,,
ocimum_basiliscum,plant,Ocimum basiliscum,,,
ocymum_basilicum,plant,Ocymum basilicum,,,
orobanche_grandiflora,plant,Orobanche grandiflora,,,
cuscuta_europaea,plant,Cuscuta europaea,,,
orobanche_crenata,plant,Orobanche crenata,,,
tragopogon_crocifolium,plant,Tragopogon crocifolium,,,
tragopogon_porrifolium,plant,Tragopogon porrifolium,,,
tragopogon_villosum,plant,Tragopogon villosum,,,
tragopogon_porrifolius,plant,Tragopogon porrifolius,,,
ornithogalum_umbellatum,plant,Ornithogalum umbellatum,,,
tuber_cibarium,plant,Tuber cibarium,,,
tuber_melanospermum,plant,Tuber melanospermum,,,
tuber_magnatum,plant,Tuber magnatum,,,
phaseolus_vulgaris,plant,Phaseolus vulgaris,,,
smilax_aspera,plant,Smilax aspera,,,
medicago_sativa,plant,Medicago sativa,,,
vicia_cracca,plant,Vicia cracca,,,
lathyrus,plant,Lathyrus,,,
aphaca,plant,Aphaca,,,
vicia_sativa,plant,Vicia sativa,,,
allium_porrum,plant,Allium porrum,,,
porrum,plant,Porrum,,,
allium,plant,Allium,,,
allium_ampeloprasum,plant,Allium ampeloprasum,,,
allium_cepa,plant,Allium cepa,,,
cepa,plant,Cepa,,,
allium_sativum,plant,Allium sativum,,,
allium_subhirsutum,plant,Allium subhirsutum,,,
allium_descendens,plant,Allium descendens,,,
brassica_alba,plant,Brassica alba,,,
lepidum_sativum,plant,Lepidum sativum,,,
erucaria_aleppica,plant,Erucaria aleppica,,,
lepidium_sativum,plant,Lepidium sativum,,,
capsella_bursa,plant,Capsella bursa,,,
thlaspi,plant,Thlaspi,,,
bursa,plant,Bursa,,,
lepidium_draba,plant,Lepidium draba,,,
draba,plant,Draba,,,
lepidium,plant,Lepidium,,,
sisymbrium_polyceratium,plant,Sisymbrium polyceratium,,,
sisymbrium_irio,plant,Sisymbrium irio,,,
piper_longum,plant,Piper longum,,,
piper_nigrum,plant,Piper nigrum,,,
piper_album,plant,Piper album,,,
zingiber_officinale,plant,Zingiber officinale,,,
polygonum_hydropiper,plant,Polygonum hydropiper,,,
achillea_ptarmica,plant,Achillea ptarmica,,,
beranthemum_annuum,plant,Beranthemum annuum,,,
saponaria_officinalis,plant,Saponaria officinalis,,,
cyclamen_graecum,plant,Cyclamen graecum,,,
caprifoliaceae,plant,Caprifoliaceae,,,
periclymenum,plant,Periclymenum,,,
lonicera,plant,Lonicera,,,
cyclamen_hederifolium,plant,Cyclamen hederifolium,,,
lonicera_periclymenum,plant,Lonicera periclymenum,,,
arum_dranunculus,plant,Arum dranunculus,,,
arum_dracunculus,plant,Arum dracunculus,,,
arum_maculatum,plant,Arum maculatum,,,
dracunculus_vulgaris,plant,Dracunculus vulgaris,,,
arum_italicum,plant,Arum italicum,,,
arum_dioscoridis,plant,Arum dioscoridis,,,
arum_arisarum,plant,Arum arisarum,,,
colocasia_antiquorum,plant,Colocasia antiquorum,,,
arisarum_vulgare,plant,Arisarum vulgare,,,
asphodelus_racemosus,plant,Asphodelus racemosus,,,
asphodelus_albus,plant,Asphodelus albus,,,
asphodelus_ramosus,plant,Asphodelus ramosus,,,
asphodelus,plant,Asphodelus,,,
muscari_comosum,plant,Muscari comosum,,,
hyacinthus_comosus,plant,Hyacinthus comosus,,,
ornithogalum_nutans,plant,Ornithogalum nutans,,,
narcissus_jonquilla,plant,Narcissus jonquilla,,,
muscari_moschatum,plant,Muscari moschatum,,,
ornithogalum_stachyoides,plant,Ornithogalum stachyoides,,,
scilla_maritima,plant,Scilla maritima,,,
urginea_maritima,plant,Urginea maritima,,,
pancratium_maritimum,plant,Pancratium maritimum,,,
capparis_spinosa,plant,Capparis spinosa,,,
lepidium_latifolim,plant,Lepidium latifolim,,,
lepidium_latifolium,plant,Lepidium latifolium,,,
ranunculus,plant,Ranunculus,,,
ranunculus_asiaticus,plant,Ranunculus asiaticus,,,
ranunculus_languinosus,plant,Ranunculus languinosus,,,
ranunculus_muricatus,plant,Ranunculus muricatus,,,
ranunculus_aquatilis,plant,Ranunculus aquatilis,,,
ranunculus_lanuginosus,plant,Ranunculus lanuginosus,,,
ranunculus_acris,plant,Ranunculus acris,,,
anemone_coronaria,plant,Anemone coronaria,,,
anemone_hortensis,plant,Anemone hortensis,,,
anemone_apennina,plant,Anemone apennina,,,
papaver_argemone,plant,Papaver argemone,,,
adonis_autumnalis,plant,Adonis autumnalis,,,
thalictrum_flavum,plant,Thalictrum flavum,,,
agrimonia_eupatoria,plant,Agrimonia eupatoria,,,
anagallis_arvensis,plant,Anagallis arvensis,,,
anagallis_phoenicea,plant,Anagallis phoenicea,,,
anagallis_coerulea,plant,Anagallis coerulea,,,
hedera_helix,plant,Hedera helix,,,
hedera_po,plant,Hedera po,,,
hedera,plant,Hedera,,,
chelidonium_majus,plant,Chelidonium majus,,,
chelidonium_maius,plant,Chelidonium maius,,,
ranunculus_ficaria,plant,Ranunculus ficaria,,,
ficaria,plant,Ficaria,,,
asperugo_procumbens,plant,Asperugo procumbens,,,
myositis_palustris,plant,Myositis palustris,,,
parietaria_cretica,plant,Parietaria cretica,,,
lithospermum_purpureo,plant,Lithospermum purpureo,,,
isatis_tinctoria,plant,Isatis tinctoria,,,
isatis,plant,Isatis,,,
lusitanica,plant,Lusitanica,,,
cerinthe_aspera,plant,Cerinthe aspera,,,
cerinthe_minor,plant,Cerinthe minor,,,
sedum_telephium,plant,Sedum telephium,,,
boletus_laricis,plant,Boletus laricis,,,
ungulina_officinalis,plant,Ungulina officinalis,,,
rheum_rhaponticum,plant,Rheum rhaponticum,,,
rheum_ribes,plant,Rheum ribes,,,
gentiana_lutea,plant,Gentiana lutea,,,
gentiana_purpurea,plant,Gentiana purpurea,,,
aristolochia_pallida,plant,Aristolochia pallida,,,
aristolochia_parviflora,plant,Aristolochia parviflora,,,
aristolochia_baetica,plant,Aristolochia baetica,,,
glycyrrhiza_glabra,plant,Glycyrrhiza glabra,,,
centaurea_centaurium,plant,Centaurea centaurium,,,
erythraea_centaurium,plant,Erythraea centaurium,,,
centaurium_erythraea,plant,Centaurium erythraea,,,
atractylis_gummifera,plant,Atractylis gummifera,,,
carthamus_corymbosus,plant,Carthamus corymbosus,,,
cardopatum_corymbosum,plant,Cardopatum corymbosum,,,
carduus_pycnocephalus,plant,Carduus pycnocephalus,,,
dipsacus_silvestis,plant,Dipsacus silvestis,,,
dipsacus_fullonum,plant,Dipsacus fullonum,,,
cnicus_ferox,plant,Cnicus ferox,,,
picnomon_acarna,plant,Picnomon acarna,,,
notobasis_syriaca,plant,Notobasis syriaca,,,
cynara_scolymus,plant,Cynara scolymus,,,
scolymus_maculatus,plant,Scolymus maculatus,,,
onopordon_illyricum,plant,Onopordon illyricum,,,
onopordon_acanthium,plant,Onopordon acanthium,,,
astragalus_poterium_labill,plant,Astragalus poterium Labill.,,,
acanthus_mollis,plant,Acanthus mollis,,,
acanthus_spinosus,plant,Acanthus spinosus,,,
ononis_antiquorum,plant,Ononis antiquorum,,,
cirsium_tuberosum,plant,Cirsium tuberosum,,,
astragalus,plant,Astragalus,,,
papilionacea,plant,Papilionacea,,,
astragalus_gummifer,plant,Astragalus gummifer,,,
eryngium_viride,plant,Eryngium viride,,,
eryngium_campestre,plant,Eryngium campestre,,,
eryngium_maritimum,plant,Eryngium maritimum,,,
liliaceae,plant,Liliaceae,,,
aloe_vera,plant,Aloe vera,,,
artemisia_absinthium,plant,Artemisia absinthium,,,
artemisia_maritima,plant,Artemisia maritima,,,
artemisia_judaica,plant,Artemisia judaica,,,
artemisia_arborescens,plant,Artemisia arborescens,,,
satureja_graeca,plant,Satureja graeca,,,
lavendula_stoechas,plant,Lavendula stoechas,,,
lavandula_stoechas,plant,Lavandula stoechas,,,
origanum_heracleoticum,plant,Origanum heracleoticum,,,
origanum_heracleoticum_rchb,plant,Origanum heracleoticum Rchb.,,,
origanum_creticum,plant,Origanum creticum,,,
origanum_onites,plant,Origanum onites,,,
stachys_glutinosa,plant,Stachys glutinosa,,,
thymus_tragopogum,plant,Thymus tragopogum,,,
menth_pulegium,plant,Menth pulegium,,,
mentha_pulegium,plant,Mentha pulegium,,,
origanum_dictamnus,plant,Origanum dictamnus,,,
marrubium_pseudodictamnus,plant,Marrubium pseudodictamnus,,,
marrubium_acetabulosum,plant,Marrubium acetabulosum,,,
ballota_acetabulosa,plant,Ballota acetabulosa,,,
sallvia,plant,Sallvia,,,
salvia,plant,Salvia,,,
mentha_piperita,plant,Mentha piperita,,,
mentha,plant,Mentha,,,
mentha_gentilis,plant,Mentha gentilis,,,
thymus_calamintha,plant,Thymus calamintha,,,
mentha_tomentella,plant,Mentha tomentella,,,
calamintha_officinalis_moench,plant,Calamintha officinalis Moench,,,
acinos_alpinus,plant,Acinos alpinus,,,
calamintha_nepeta_savi,plant,Calamintha nepeta Savi,,,
satureja_capitata,plant,Satureja capitata,,,
thymus_vulgaris,plant,Thymus vulgaris,,,
thymus_capitatus,plant,Thymus capitatus,,,
satureja_thymbra,plant,Satureja thymbra,,,
thymus_serpyllum,plant,Thymus serpyllum,,,
thymus_glabratus,plant,Thymus glabratus,,,
thymnus_serpyllum,plant,Thymnus serpyllum,,,
melilotus_creticus,plant,Melilotus creticus,,,
melilotus_officinalis,plant,Melilotus officinalis,,,
origanum_sipyleum,plant,Origanum sipyleum,,,
thymus_sipyleus_boiss,plant,Thymus sipyleus Boiss.,,,
thymos_acinos,plant,Thymos acinos,,,
satureja_acinos,plant,Satureja acinos,,,
echium_rubrum,plant,Echium rubrum,,,
gnaphalium_sanguineum,plant,Gnaphalium sanguineum,,,
helichrysum_sanguineum,plant,Helichrysum sanguineum,,,
ruta_montana,plant,Ruta montana,,,
ruta_graveolens,plant,Ruta graveolens,,,
peganum_harmala,plant,Peganum harmala,,,
ruta_chalepensis,plant,Ruta chalepensis,,,
allium_magicum,plant,Allium magicum,,,
allium_moly,plant,Allium moly,,,
allium_nigrum,plant,Allium nigrum,,,
ferula_opopanax,plant,Ferula opopanax,,,
opopanax_hispidus,plant,Opopanax hispidus,,,
echinophora_tenuifolia,plant,Echinophora tenuifolia,,,
ferula_nodosa,plant,Ferula nodosa,,,
helianthemum_ovatum,plant,Helianthemum ovatum,,,
levisticum_officinale,plant,Levisticum officinale,,,
daucus_carota,plant,Daucus carota,,,
seseli_tortuosum,plant,Seseli tortuosum,,,
malabaila_aurea,plant,Malabaila aurea,,,
bupleurum_fruticosum,plant,Bupleurum fruticosum,,,
tordylium_officinale,plant,Tordylium officinale,,,
sison_amomum,plant,Sison amomum,,,
pimpinella_anisum,plant,Pimpinella anisum,,,
sision_amomum,plant,Sision amomum,,,
carum_carvi,plant,Carum carvi,,,
cuminum_cyminum,plant,Cuminum cyminum,,,
lagoecia_cuminoides,plant,Lagoecia cuminoides,,,
nigella_arvensis,plant,Nigella arvensis,,,
ammi_visnaga,plant,Ammi visnaga,,,
carum_copticum,plant,Carum copticum,,,
coriandrum_sativum,plant,Coriandrum sativum,,,
tragopogon_picroides,plant,Tragopogon picroides,,,
urospermum_picroides,plant,Urospermum picroides,,,
scorzonera_resedifolia,plant,Scorzonera resedifolia,,,
apium_graveolens,plant,Apium graveolens,,,
seseli_libanotis,plant,Seseli libanotis,,,
seseli_annum,plant,Seseli annum,,,
athamanta_macedonica,plant,Athamanta macedonica,,,
apium_petroselinum,plant,Apium petroselinum,,,
petroselinum_sativum,plant,Petroselinum sativum,,,
smyrnium_olusatrum,plant,Smyrnium olusatrum,,,
smyrnium_perfoliatum,plant,Smyrnium perfoliatum,,,
anethum_foeniculum,plant,Anethum foeniculum,,,
foeniculum_vulgare,plant,Foeniculum vulgare,,,
prangos_ferulacea,plant,Prangos ferulacea,,,
peucedanum_cerveria,plant,Peucedanum cerveria,,,
athamantha_cretensis,plant,Athamantha cretensis,,,
seseli_moides,plant,Seseli moides,,,
ammi_majus,plant,Ammi majus,,,
athamanta_cretensis,plant,Athamanta cretensis,,,
delphinium,plant,Delphinium,,,
ranunculaceae,plant,Ranunculaceae,,,
consolida_ajacis,plant,Consolida ajacis,,,
anthemis_pyrethrum,plant,Anthemis pyrethrum,,,
ferula_nodiflora,plant,Ferula nodiflora,,,
cachrys_libanotis,plant,Cachrys libanotis,,,
lecokia_cretica,plant,Lecokia cretica,,,
heracleum_sphondylium,plant,Heracleum sphondylium,,,
ferula_communis,plant,Ferula communis,,,
peucedanum_officinale,plant,Peucedanum officinale,,,
ferula_asa,plant,Ferula asa,,,
ferula_tingitana,plant,Ferula tingitana,,,
ferula_scuntziana,plant,Ferula scuntziana,,,
ferula_persica,plant,Ferula persica,,,
euphorbia_resinifera,plant,Euphorbia resinifera,,,
ferula_rubricaulis,plant,Ferula rubricaulis,,,
ferulago_galbaniflua,plant,Ferulago galbaniflua,,,
astragalus_fasciculifolius,plant,Astragalus fasciculifolius,,,
glaucium_corniculatum,plant,Glaucium corniculatum,,,
loranthus_europaeus,plant,Loranthus europaeus,,,
galium_aparine,plant,Galium aparine,,,
biscutella,plant,Biscutella,,,
asclepias_dioscoridis,plant,Asclepias dioscoridis,,,
vincetoxicum_officinale,plant,Vincetoxicum officinale,,,
carthamus_lanatus,plant,Carthamus lanatus,,,
zizyphora_capitata,plant,Zizyphora capitata,,,
clinopodium_vulgare,plant,Clinopodium vulgare,,,
calamintha_clinopodium,plant,Calamintha clinopodium,,,
leontice_leontopetalum,plant,Leontice leontopetalum,,,
teucrium_flavum,plant,Teucrium flavum,,,
teucrium_lucidum,plant,Teucrium lucidum,,,
teucrium_chamaedrys,plant,Teucrium chamaedrys,,,
lamium_album,plant,Lamium album,,,
agrosemma_coronaria,plant,Agrosemma coronaria,,,
agrostemma_githago,plant,Agrostemma githago,,,
lychnis_coronaria,plant,Lychnis coronaria,,,
ballota_nigra,plant,Ballota nigra,,,
melissa_officinalis,plant,Melissa officinalis,,,
melissa_altissima,plant,Melissa altissima,,,
marrubium_catarifolium,plant,Marrubium catarifolium,,,
marrubium_vulgare,plant,Marrubium vulgare,,,
stachys_germanica,plant,Stachys germanica,,,
stachys_annua,plant,Stachys annua,,,
asplenium_scolopendrium,plant,Asplenium scolopendrium,,,
phyllitis_scolopendrium,plant,Phyllitis scolopendrium,,,
lloydia_graeca,plant,Lloydia graeca,,,
phalangium_ramosum,plant,Phalangium ramosum,,,
psorea_bituminosa,plant,Psorea bituminosa,,,
psoralea_bituminosa,plant,Psoralea bituminosa,,,
teucrium_capitatum,plant,Teucrium capitatum,,,
teucrium_polium,plant,Teucrium polium,,,
teuricum_scordium,plant,Teuricum scordium,,,
teucrium_scordium,plant,Teucrium scordium,,,
tussilago_farfara,plant,Tussilago farfara,,,
artemisia_campestris,plant,Artemisia campestris,,,
ambrosia_maritima,plant,Ambrosia maritima,,,
chenopodium_botrys,plant,Chenopodium botrys,,,
geranium_tuberosum,plant,Geranium tuberosum,,,
errodium_malachoides,plant,Errodium malachoides,,,
geranium,plant,Geranium,,,
athanasia_maritima,plant,Athanasia maritima,,,
gnaphalium,plant,Gnaphalium,,,
typha_angustifolia,plant,Typha angustifolia,,,
typha_latifolia,plant,Typha latifolia,,,
vincetoxicum_nigrum,plant,Vincetoxicum nigrum,,,
filipendula_vulgaris,plant,Filipendula vulgaris,,,
erigeron_viscosum,plant,Erigeron viscosum,,,
erigeron_graveolens,plant,Erigeron graveolens,,,
inula_britannica,plant,Inula britannica,,,
inula_viscosa,plant,Inula viscosa,,,
inula_graveolens,plant,Inula graveolens,,,
hemerocallis_fulva,plant,Hemerocallis fulva,,,
lilium_martagon,plant,Lilium martagon,,,
cheiranthus_cheiri,plant,Cheiranthus cheiri,,,
mathiola_incana,plant,Mathiola incana,,,
polygonon_persicaria,plant,Polygonon persicaria,,,
crucianella_latifolia,plant,Crucianella latifolia,,,
mercurialis_perennis,plant,Mercurialis perennis,,,
orchis_morio,plant,Orchis morio,,,
orchis,plant,Orchis,,,
orchis_undulatifolia,plant,Orchis undulatifolia,,,
tulpia_clusiana,plant,Tulpia clusiana,,,
orchis_anthropophora,plant,Orchis anthropophora,,,
orchis_femina,plant,Orchis femina,,,
aristolochia_polyrrhizos,plant,Aristolochia polyrrhizos,,,
aceras_anthropophora,plant,Aceras anthropophora,,,
fritillaria_graeca,plant,Fritillaria graeca,,,
fritillaria_pyrenaica,plant,Fritillaria pyrenaica,,,
eryrthronium_dens,plant,Eryrthronium dens,,,
salvia_horminum,plant,Salvia horminum,,,
figure_is,plant,Figure is,,,
salvia_viridis,plant,Salvia viridis,,,
coronilla_securidaca,plant,Coronilla securidaca,,,
onosma_echioides,plant,Onosma echioides,,,
nymphaea_alba,plant,Nymphaea alba,,,
tubularia_acetabulum,plant,Tubularia acetabulum,,,
figure_missing,plant,Figure missing,,,
acetabularia_mediterranea,plant,Acetabularia mediterranea,,,
asplenion_ceterach,plant,Asplenion ceterach,,,
ceterach_officinarum_d,plant,Ceterach officinarum D,,,
scolopendrium_hemionitis,plant,Scolopendrium hemionitis,,,
phyllitis_sagittata,plant,Phyllitis sagittata,,,
cressa_cretica,plant,Cressa cretica,,,
anthemis_tinctoria,plant,Anthemis tinctoria,,,
matricaria_chamomilla,plant,Matricaria chamomilla,,,
anthemis_rosea,plant,Anthemis rosea,,,
matricaria_parthenium,plant,Matricaria parthenium,,,
tanacetum_parthenium,plant,Tanacetum parthenium,,,
chrysanthemum_coronarium,plant,Chrysanthemum coronarium,,,
anacyclus_radiatus,plant,Anacyclus radiatus,,,
paeonia_officinalis,plant,Paeonia officinalis,,,
paeonia_corallina,plant,Paeonia corallina,,,
lithospermum_tenuiflorum,plant,Lithospermum tenuiflorum,,,
lithospermum_officinale,plant,Lithospermum officinale,,,
phalaris_nodosa,plant,Phalaris nodosa,,,
phalaris_canariensis,plant,Phalaris canariensis,,,
rubia_lucida,plant,Rubia lucida,,,
rubia_peregrina,plant,Rubia peregrina,,,
serapias_lingua,plant,Serapias lingua,,,
aspidium_lonchitis,plant,Aspidium lonchitis,,,
altheae_officinalis,plant,Altheae officinalis,,,
althaea_officinalis,plant,Althaea officinalis,,,
malope_malacoides,plant,Malope malacoides,,,
malva_moschata,plant,Malva moschata,,,
cannabis_sativa,plant,Cannabis sativa,,,
althaea_cannabina,plant,Althaea cannabina,,,
anagyris_foetida,plant,Anagyris foetida,,,
sedum_cepaea,plant,Sedum cepaea,,,
alisma_plantago,plant,Alisma plantago,,,
onobrychis_caput,plant,Onobrychis caput,,,
onobrychis,plant,Onobrychis,,,
hypericum_crispum,plant,Hypericum crispum,,,
hypericum_barbatum,plant,Hypericum barbatum,,,
hypericum_perforatum,plant,Hypericum perforatum,,,
hypericum_ciliatum,plant,Hypericum ciliatum,,,
hypericum_perfoliatum,plant,Hypericum perfoliatum,,,
hypericum_coris,plant,Hypericum coris,,,
hypericum_empetrifolium,plant,Hypericum empetrifolium,,,
ajuga_iva,plant,Ajuga iva,,,
ajuga,plant,Ajuga,,,
ajuga_chia,plant,Ajuga chia,,,
passerina_hirsuta,plant,Passerina hirsuta,,,
sideritis_syriaca,plant,Sideritis syriaca,,,
stachys_officinalis,plant,Stachys officinalis,,,
lysimachia_atropurpurea,plant,Lysimachia atropurpurea,,,
lysimachia_punctata,plant,Lysimachia punctata,,,
lysimachia_vulgaris,plant,Lysimachia vulgaris,,,
lysimachia_salicaria,plant,Lysimachia salicaria,,,
polygonon_aviculare,plant,Polygonon aviculare,,,
polygonum_aviculare,plant,Polygonum aviculare,,,
polygonum_maritimum,plant,Polygonum maritimum,,,
hippuris_vulgaris,plant,Hippuris vulgaris,,,
equisetum_pallidum,plant,Equisetum pallidum,,,
convallaria_polygonatum,plant,Convallaria polygonatum,,,
convallaria_officinale,plant,Convallaria officinale,,,
polygonatum_verticillatum,plant,Polygonatum verticillatum,,,
vinca_minor,plant,Vinca minor,,,
clematis_vitalba,plant,Clematis vitalba,,,
polygonum_convolvus,plant,Polygonum convolvus,,,
hypericum_olympicum,plant,Hypericum olympicum,,,
polemonium_caeruleum,plant,Polemonium caeruleum,,,
coris_monspeliensis,plant,Coris monspeliensis,,,
symphytum_tuberosum,plant,Symphytum tuberosum,,,
symphyton_officinale,plant,Symphyton officinale,,,
symphyton_brochum,plant,Symphyton brochum,,,
symphytum_officinale,plant,Symphytum officinale,,,
plantago_albicans,plant,Plantago albicans,,,
holosteum_umbellatum,plant,Holosteum umbellatum,,,
poterium_spinosum,plant,Poterium spinosum,,,
scorpiurus_vermiculatus,plant,Scorpiurus vermiculatus,,,
lonicera_periclymenon,plant,Lonicera periclymenon,,,
lonicera_caprifolium,plant,Lonicera caprifolium,,,
lonicera_etrusca,plant,Lonicera etrusca,,,
tribulus_terrestris,plant,Tribulus terrestris,,,
trapa_natans,plant,Trapa natans,,,
statice_limonium,plant,Statice limonium,,,
trifolium_arvense,plant,Trifolium arvense,,,
michauxia_campanuloides,plant,Michauxia campanuloides,,,
campanula_laciniata,plant,Campanula laciniata,,,
convolvulvus_althaeoides,plant,Convolvulvus althaeoides,,,
campanula_lingulata,plant,Campanula lingulata,,,
no,plant,No,,,
identificada,plant,Identificada,,,
gladiolus_communis,plant,Gladiolus communis,,,
abart_segetum,plant,Abart segetum,,,
gladiolus_segetum,plant,Gladiolus segetum,,,
butomus_umbellatus,plant,Butomus umbellatus,,,
sparganium_ramosum,plant,Sparganium ramosum,,,
sparganium_simplex,plant,Sparganium simplex,,,
iris_foetida,plant,Iris foetida,,,
anchusa_tinctoria,plant,Anchusa tinctoria,,,
alkanna_tinctoria,plant,Alkanna tinctoria,,,
echium_diffusum,plant,Echium diffusum,,,
lithospermum_fruticosum,plant,Lithospermum fruticosum,,,
echium_italicum,plant,Echium italicum,,,
echium_plantagineum,plant,Echium plantagineum,,,
silene_gallica,plant,Silene gallica,,,
campanula_ramosissima,plant,Campanula ramosissima,,,
panicum_dactylum,plant,Panicum dactylum,,,
cynodon_dactylon,plant,Cynodon dactylon,,,
parnassia_palustris,plant,Parnassia palustris,,,
sorghum_halepense,plant,Sorghum halepense,,,
calamagrostis_epigeios,plant,Calamagrostis epigeios,,,
serapias_grandiflora,plant,Serapias grandiflora,,,
hordeum_marinum,plant,Hordeum marinum,,,
stachys_recta,plant,Stachys recta,,,
sideritis_scordioides,plant,Sideritis scordioides,,,
stachys_heracleae,plant,Stachys heracleae,,,
sideritis,plant,Sideritis,,,
poterium_sanguisorba,plant,Poterium sanguisorba,,,
poterium_polygamum,plant,Poterium polygamum,,,
sanguisorba_minor_scop,plant,Sanguisorba minor Scop.,,,
scrophularia_chrysanthemifolia,plant,Scrophularia chrysanthemifolia,,,
scrophularia_lucida,plant,Scrophularia lucida,,,
compositae,plant,Compositae,,,
achillea,plant,Achillea,,,
achillea_millefolium,plant,Achillea millefolium,,,
rubus_fruticosus,plant,Rubus fruticosus,,,
rubus_tomentosus,plant,Rubus tomentosus,,,
rubus_idaeus,plant,Rubus idaeus,,,
convolvulvus_arvensis,plant,Convolvulvus arvensis,,,
convolvulus_arvensis,plant,Convolvulus arvensis,,,
linaria_graeca,plant,Linaria graeca,,,
linaria_spuria,plant,Linaria spuria,,,
argimonia_eupatoria,plant,Argimonia eupatoria,,,
potentilla_reptans,plant,Potentilla reptans,,,
lolium_perenne,plant,Lolium perenne,,,
streptopus_amplexifolius,plant,Streptopus amplexifolius,,,
ruscus_hydrophyllus,plant,Ruscus hydrophyllus,,,
ruscus_hypoglossum,plant,Ruscus hypoglossum,,,
sedum,plant,Sedum,,,
rhodiola,plant,Rhodiola,,,
crassulariaceae,plant,Crassulariaceae,,,
rhodiola_rosea,plant,Rhodiola rosea,,,
equisetum_fluviatile,plant,Equisetum fluviatile,,,
ephedra_fragilis,plant,Ephedra fragilis,,,
equisetum,plant,Equisetum,,,
equisetum_limosum,plant,Equisetum limosum,,,
equisetum_telmateja,plant,Equisetum telmateja,,,
equisetum_telmateia,plant,Equisetum telmateia,,,
lecanium_ilicis,plant,Lecanium ilicis,,,
origanum_maru,plant,Origanum maru,,,
hypericum_hircinum,plant,Hypericum hircinum,,,
pistacia_palaestina_boiss,plant,Pistacia palaestina Boiss.,,,
pimpinella_tragium,plant,Pimpinella tragium,,,
juncus_maritimus,plant,Juncus maritimus,,,
scirpus_lacustris,plant,Scirpus lacustris,,,
scirpus_holoschinos,plant,Scirpus holoschinos,,,
scirpus_holoschoenus,plant,Scirpus holoschoenus,,,
schoenus_nigricans,plant,Schoenus nigricans,,,
juncus_acutus,plant,Juncus acutus,,,
flechten,plant,Flechten,,,
lichenes,plant,Lichenes,,,
ramalina,plant,Ramalina,,,
paronychia_serpyllifolia,plant,Paronychia serpyllifolia,,,
paronychia,plant,Paronychia,,,
mill,plant,Mill,,,
chrysocome,plant,Chrysocome,,,
linosyris,plant,Linosyris,,,
aster_linosyris,plant,Aster linosyris,,,
leontice_chrysogonum,plant,Leontice chrysogonum,,,
leontice_chrysogonon,plant,Leontice chrysogonon,,,
gnaphalium_stoechas,plant,Gnaphalium stoechas,,,
helichrysum,plant,Helichrysum,,,
hypericum_origanifolium,plant,Hypericum origanifolium,,,
lyocopus_exaltatus,plant,Lyocopus exaltatus,,,
verbena_officinalis,plant,Verbena officinalis,,,
lycopus_europaeus,plant,Lycopus europaeus,,,
orobus_sessifolius,plant,Orobus sessifolius,,,
lathyrus_niger,plant,Lathyrus niger,,,
hyacinthus_orientalis,plant,Hyacinthus orientalis,,,
scilla,plant,Scilla,,,
papaver_dubium,plant,Papaver dubium,,,
papaver_rhoeas,plant,Papaver rhoeas,,,
papaver_somniferum,plant,Papaver somniferum,,,
papaver_hybridum,plant,Papaver hybridum,,,
glaucium_flavum,plant,Glaucium flavum,,,
silene_inflata,plant,Silene inflata,,,
silene_vulgaris,plant,Silene vulgaris,,,
hypecoum_procumbens,plant,Hypecoum procumbens,,,
hyoscyamus_aureus,plant,Hyoscyamus aureus,,,
hyoscyamus_niger,plant,Hyoscyamus niger,,,
plantago_psyllium,plant,Plantago psyllium,,,
solanum_nigrum,plant,Solanum nigrum,,,
physalis_somnifera,plant,Physalis somnifera,,,
physalis_alkekengi,plant,Physalis alkekengi,,,
solanum_dulcamara,plant,Solanum dulcamara,,,
withania_somnifera,plant,Withania somnifera,,,
atropa_belladonna,plant,Atropa belladonna,,,
datura_stramonium,plant,Datura stramonium,,,
convolvulus_dorycnium,plant,Convolvulus dorycnium,,,
convolvulus_oleifolius,plant,Convolvulus oleifolius,,,
atropa_mandragora,plant,Atropa mandragora,,,
mandragora_vernalis,plant,Mandragora vernalis,,,
doronicum_pardalianches,plant,Doronicum pardalianches,,,
aconitum_anthora,plant,Aconitum anthora,,,
aconitum_napellus,plant,Aconitum napellus,,,
conium_maculatum,plant,Conium maculatum,,,
taxus_baccata,plant,Taxus baccata,,,
cynanchum_erectum,plant,Cynanchum erectum,,,
cynanchum_acutum,plant,Cynanchum acutum,,,
nerium_oleander,plant,Nerium oleander,,,
mushrooms_etc,plant,Mushrooms etc,,,
colchicum_autumnale,plant,Colchicum autumnale,,,
colchicum,plant,Colchicum,,,
convallaria_verticillata,plant,Convallaria verticillata,,,
convallaria_multiflora,plant,Convallaria multiflora,,,
polygonatum_multiflorum,plant,Polygonatum multiflorum,,,
parietaria_diffusa,plant,Parietaria diffusa,,,
parietaria_officinalis,plant,Parietaria officinalis,,,
thelygonum_cynocrambe,plant,Thelygonum cynocrambe,,,
lemna_minor,plant,Lemna minor,,,
sempervivum_arboreum,plant,Sempervivum arboreum,,,
sedun_amplexicaule,plant,Sedun amplexicaule,,,
sempervivum_tectorum,plant,Sempervivum tectorum,,,
sedum_stellatum,plant,Sedum stellatum,,,
cotyledon_umbilicus,plant,Cotyledon umbilicus,,,
saxifraga_aizoon_jacq,plant,Saxifraga aizoon Jacq.,,,
umbilicus_pendulinus_d,plant,Umbilicus pendulinus D,,,
urtica_urens,plant,Urtica urens,,,
urtica_pillulifera,plant,Urtica pillulifera,,,
urtica_dioica,plant,Urtica dioica,,,
scrophularia_peregrina,plant,Scrophularia peregrina,,,
galium_verum,plant,Galium verum,,,
senecio_vulgaris,plant,Senecio vulgaris,,,
ulva_lactuca,plant,Ulva lactuca,,,
fucus,plant,Fucus,,,
arten,plant,Arten,,,
verschiedene,plant,Verschiedene,,,
nitophyllum_punctatum,plant,Nitophyllum punctatum,,,
potamogeton_zosteraefolium,plant,Potamogeton zosteraefolium,,,
potamogeton_natans,plant,Potamogeton natans,,,
pistia_stratiotes,plant,Pistia stratiotes,,,
achilleae_millefolium,plant,Achilleae millefolium,,,
verbascum,plant,Verbascum,,,
scrophulariaceae,plant,Scrophulariaceae,,,
phlomis_lychnitis,plant,Phlomis lychnitis,,,
verbascum_orientale,plant,Verbascum orientale,,,
salvia_aethiopis,plant,Salvia aethiopis,,,
verbascum_limnense,plant,Verbascum limnense,,,
verbascum_ferrugineum,plant,Verbascum ferrugineum,,,
arctium_lappa,plant,Arctium lappa,,,
tussilago_petasites,plant,Tussilago petasites,,,
petasites_officinalis,plant,Petasites officinalis,,,
herniaria_glabra,plant,Herniaria glabra,,,
fumaria_officinalis,plant,Fumaria officinalis,,,
melilotus_messaliensis,plant,Melilotus messaliensis,,,
melilotus,plant,Melilotus,,,
trigonella_elatior,plant,Trigonella elatior,,,
medicago_arborea,plant,Medicago arborea,,,
nymphaea_lotus,plant,Nymphaea lotus,,,
nelumbo_nucifera,plant,Nelumbo nucifera,,,
myriophyllum_spicatum,plant,Myriophyllum spicatum,,,
nesslia_paniculata,plant,Nesslia paniculata,,,
camelina_sativa,plant,Camelina sativa,,,
epilobium_hirsutum,plant,Epilobium hirsutum,,,
epilobium_angustifolium,plant,Epilobium angustifolium,,,
carduus_tenuifolius,plant,Carduus tenuifolius,,,
carduus_tenuiflorus_curtis,plant,Carduus tenuiflorus Curtis,,,
aster_amellus,plant,Aster amellus,,,
fumaria_capreolata,plant,Fumaria capreolata,,,
corydalis_claviculata,plant,Corydalis claviculata,,,
viola_odorata,plant,Viola odorata,,,
cacalia_verbascifolia,plant,Cacalia verbascifolia,,,
senecio_thapsoides,plant,Senecio thapsoides,,,
bunium_pumilum,plant,Bunium pumilum,,,
bunium_ferulaceum,plant,Bunium ferulaceum,,,
pimpinella_dioica,plant,Pimpinella dioica,,,
pimpinella_cretica,plant,Pimpinella cretica,,,
antirrhinum_asarina,plant,Antirrhinum asarina,,,
glechoma_hederacea,plant,Glechoma hederacea,,,
serratula_chamaepeuce,plant,Serratula chamaepeuce,,,
anchusa_italica,plant,Anchusa italica,,,
cynoglossum_officinale,plant,Cynoglossum officinale,,,
reseda_phyteuma,plant,Reseda phyteuma,,,
evax_pygmaeus,plant,Evax pygmaeus,,,
antirrhinum_majus,plant,Antirrhinum majus,,,
antirrhinum_orontium,plant,Antirrhinum orontium,,,
ornithopus_compressus,plant,Ornithopus compressus,,,
adiantum_capillus,plant,Adiantum capillus,,,
asplenium_trichomanes,plant,Asplenium trichomanes,,,
xanthium_strumarium,plant,Xanthium strumarium,,,
aegilops_ovata,plant,Aegilops ovata,,,
avena_fatua,plant,Avena fatua,,,
sennebiera_coronopus,plant,Sennebiera coronopus,,,
polygala_venulosa,plant,Polygala venulosa,,,
osyris_alba,plant,Osyris alba,,,
convolvulus_sepium,plant,Convolvulus sepium,,,
ruscus_aculeatus,plant,Ruscus aculeatus,,,
ruscus_hypophyllum,plant,Ruscus hypophyllum,,,
daphne_alpina,plant,Daphne alpina,,,
daphne_laureola,plant,Daphne laureola,,,
ruscus_racemosus,plant,Ruscus racemosus,,,
veratrum_album,plant,Veratrum album,,,
helleborus_orientalis,plant,Helleborus orientalis,,,
helleborus_officinalis,plant,Helleborus officinalis,,,
reseda_undata,plant,Reseda undata,,,
reseda_alba,plant,Reseda alba,,,
ambrietia_deltoidea,plant,Ambrietia deltoidea,,,
ecballium_elaterium,plant,Ecballium elaterium,,,
elaterium_germanicum,plant,Elaterium germanicum,,,
elaterium_anglicum,plant,Elaterium anglicum,,,
delphinium_staphis,plant,Delphinium staphis,,,
delphinium_staphisagria,plant,Delphinium staphisagria,,,
thapsia_garganica,plant,Thapsia garganica,,,
spartium_junceum,plant,Spartium junceum,,,
silybus_marianus,plant,Silybus marianus,,,
silybum_marianum,plant,Silybum marianum,,,
hyperanthera_moringa,plant,Hyperanthera moringa,,,
moringa_peregrina,plant,Moringa peregrina,,,
euphorbia_spinosa,plant,Euphorbia spinosa,,,
centaurea_spinosa,plant,Centaurea spinosa,,,
euphorbia_helioscopias,plant,Euphorbia helioscopias,,,
euphorbia_dendroides,plant,Euphorbia dendroides,,,
euphorbia_cyparissias,plant,Euphorbia cyparissias,,,
euphorbia_myrsinites,plant,Euphorbia myrsinites,,,
euphorbia_aleppica,plant,Euphorbia aleppica,,,
euphorbia_paralias,plant,Euphorbia paralias,,,
euphorbia_characias,plant,Euphorbia characias,,,
euphorbia_platyphyllos,plant,Euphorbia platyphyllos,,,
euphorbia_sibthorpii,plant,Euphorbia sibthorpii,,,
euphorbia_helioscopia,plant,Euphorbia helioscopia,,,
euphorbia_pityusa,plant,Euphorbia pityusa,,,
euphorbia_lathyris,plant,Euphorbia lathyris,,,
euphorbia_peblus,plant,Euphorbia peblus,,,
euphorbia_peplus,plant,Euphorbia peplus,,,
euphorbia_peplis,plant,Euphorbia peplis,,,
euphorbia_chamaesyce,plant,Euphorbia chamaesyce,,,
convolvulus_scammonia,plant,Convolvulus scammonia,,,
daphne_oleoides,plant,Daphne oleoides,,,
sambucus_nigra,plant,Sambucus nigra,,,
sambucus_ebulus,plant,Sambucus ebulus,,,
scabiosa_ambrosioides,plant,Scabiosa ambrosioides,,,
euphorbia_apios,plant,Euphorbia apios,,,
cucumis_colocynthis,plant,Cucumis colocynthis,,,
citrullus_colocynthis,plant,Citrullus colocynthis,,,
cuscuta_epithymum,plant,Cuscuta epithymum,,,
globularia_alypum,plant,Globularia alypum,,,
frankenia_pulverulenta,plant,Frankenia pulverulenta,,,
frankenia_hirsuta,plant,Frankenia hirsuta,,,
tamus_communis,plant,Tamus communis,,,
bryonia_celtica,plant,Bryonia celtica,,,
bryonia_cretica,plant,Bryonia cretica,,,
bryonia_alba,plant,Bryonia alba,,,
aspidium_filix,plant,Aspidium filix,,,
dryopteris_filix,plant,Dryopteris filix,,,
pteris_aquilina,plant,Pteris aquilina,,,
pteridium_aquilinum,plant,Pteridium aquilinum,,,
polypodium_vulgare,plant,Polypodium vulgare,,,
polypodium_dryopteris,plant,Polypodium dryopteris,,,
gymnocarpium_dryopteris,plant,Gymnocarpium dryopteris,,,
mercurialis_annua,plant,Mercurialis annua,,,
heliotropium_villosum,plant,Heliotropium villosum,,,
heliotropium_europaeum,plant,Heliotropium europaeum,,,
heliotropium_supinum,plant,Heliotropium supinum,,,
chrozophora_tinctoria,plant,Chrozophora tinctoria,,,
scorpiurus_sulcata,plant,Scorpiurus sulcata,,,
coronilla_scorpioides,plant,Coronilla scorpioides,,,
vitus_labrusca,plant,Vitus labrusca,,,
vitis_silvestris,plant,Vitis silvestris,,,
